timestamp,deviceId,manufacturerId,packVoltage,soc,soh,temperature,cycleCount,cellVoltages,fireRisk,location,metadata
1755167082,EVSim001,PyBaMM-Sim,3.77,100.0,95.0,25.0,120,"[0.317, 0.313, 0.312, 0.31, 0.311, 0.317, 0.316, 0.315, 0.314, 0.316, 0.31, 0.319]",Low,"{'latitude': 12.9716, 'longitude': 77.5946}","{'source': 'PyBaMM-MQTT', 'version': '1.0'}"
1755167083,EVSim001,PyBaMM-Sim,3.76,99.8,95.0,25.0,120,"[0.309, 0.317, 0.312, 0.308, 0.313, 0.31, 0.317, 0.313, 0.309, 0.308, 0.312, 0.317]",Low,"{'latitude': 12.9716, 'longitude': 77.5946}","{'source': 'PyBaMM-MQTT', 'version': '1.0'}"
1755167084,EVSim001,PyBaMM-Sim,3.75,99.6,95.0,25.0,120,"[0.309, 0.316, 0.313, 0.307, 0.309, 0.309, 0.308, 0.311, 0.308, 0.308, 0.313, 0.316]",Low,"{'latitude': 12.9716, 'longitude': 77.5946}","{'source': 'PyBaMM-MQTT', 'version': '1.0'}"
1755167085,EVSim001,PyBaMM-Sim,3.74,99.39,95.0,25.0,120,"[0.312, 0.31, 0.311, 0.308, 0.307, 0.315, 0.314, 0.314, 0.308, 0.314, 0.308, 0.317]",Low,"{'latitude': 12.9716, 'longitude': 77.5946}","{'source': 'PyBaMM-MQTT', 'version': '1.0'}"
1755167086,EVSim001,PyBaMM-Sim,3.74,99.19,95.0,25.0,120,"[0.312, 0.313, 0.311, 0.313, 0.308, 0.309, 0.309, 0.314, 0.309, 0.31, 0.313, 0.31]",Low,"{'latitude': 12.9716, 'longitude': 77.5946}","{'source': 'PyBaMM-MQTT', 'version': '1.0'}"
1755167087,EVSim001,PyBaMM-Sim,3.73,98.99,95.0,25.0,120,"[0.315, 0.315, 0.307, 0.314, 0.308, 0.308, 0.315, 0.31, 0.312, 0.311, 0.312, 0.307]",Low,"{'latitude': 12.9716, 'longitude': 77.5946}","{'source': 'PyBaMM-MQTT', 'version': '1.0'}"
1755167088,EVSim001,PyBaMM-Sim,3.73,98.79,95.0,25.0,120,"[0.308, 0.311, 0.315, 0.311, 0.314, 0.311, 0.314, 0.311, 0.314, 0.314, 0.314, 0.309]",Low,"{'latitude': 12.9716, 'longitude': 77.5946}","{'source': 'PyBaMM-MQTT', 'version': '1.0'}"
1755167089,EVSim001,PyBaMM-Sim,3.73,98.59,95.0,25.0,120,"[0.307, 0.311, 0.306, 0.312, 0.309, 0.313, 0.308, 0.309, 0.313, 0.309, 0.308, 0.31]",Low,"{'latitude': 12.9716, 'longitude': 77.5946}","{'source': 'PyBaMM-MQTT', 'version': '1.0'}"
1755167090,EVSim001,PyBaMM-Sim,3.72,98.38,95.0,25.0,120,"[0.312, 0.312, 0.306, 0.309, 0.311, 0.313, 0.314, 0.305, 0.311, 0.309, 0.314, 0.306]",Low,"{'latitude': 12.9716, 'longitude': 77.5946}","{'source': 'PyBaMM-MQTT', 'version': '1.0'}"
1755167091,EVSim001,PyBaMM-Sim,3.72,98.18,95.0,25.0,120,"[0.311, 0.311, 0.306, 0.306, 0.309, 0.309, 0.309, 0.313, 0.305, 0.306, 0.306, 0.308]",Low,"{'latitude': 12.9716, 'longitude': 77.5946}","{'source': 'PyBaMM-MQTT', 'version': '1.0'}"
1755167092,EVSim001,PyBaMM-Sim,3.71,97.98,95.0,25.0,120,"[0.312, 0.306, 0.312, 0.307, 0.311, 0.314, 0.305, 0.312, 0.307, 0.311, 0.305, 0.31]",Low,"{'latitude': 12.9716, 'longitude': 77.5946}","{'source': 'PyBaMM-MQTT', 'version': '1.0'}"
1755167093,EVSim001,PyBaMM-Sim,3.71,97.78,95.0,25.0,120,"[0.31, 0.305, 0.312, 0.306, 0.312, 0.313, 0.313, 0.314, 0.311, 0.307, 0.313, 0.309]",Low,"{'latitude': 12.9716, 'longitude': 77.5946}","{'source': 'PyBaMM-MQTT', 'version': '1.0'}"
1755167094,EVSim001,PyBaMM-Sim,3.71,97.58,95.0,25.0,120,"[0.312, 0.306, 0.309, 0.31, 0.307, 0.31, 0.304, 0.313, 0.313, 0.307, 0.311, 0.31]",Low,"{'latitude': 12.9716, 'longitude': 77.5946}","{'source': 'PyBaMM-MQTT', 'version': '1.0'}"
1755167095,EVSim001,PyBaMM-Sim,3.7,97.37,95.0,25.0,120,"[0.307, 0.312, 0.309, 0.311, 0.312, 0.309, 0.31, 0.31, 0.305, 0.305, 0.308, 0.31]",Low,"{'latitude': 12.9716, 'longitude': 77.5946}","{'source': 'PyBaMM-MQTT', 'version': '1.0'}"
1755167096,EVSim001,PyBaMM-Sim,3.7,97.17,95.0,25.0,120,"[0.305, 0.311, 0.305, 0.309, 0.306, 0.307, 0.31, 0.305, 0.311, 0.313, 0.307, 0.304]",Low,"{'latitude': 12.9716, 'longitude': 77.5946}","{'source': 'PyBaMM-MQTT', 'version': '1.0'}"
1755167097,EVSim001,PyBaMM-Sim,3.7,96.97,95.0,25.0,120,"[0.304, 0.308, 0.312, 0.31, 0.312, 0.307, 0.31, 0.304, 0.309, 0.31, 0.313, 0.304]",Low,"{'latitude': 12.9716, 'longitude': 77.5946}","{'source': 'PyBaMM-MQTT', 'version': '1.0'}"
1755167098,EVSim001,PyBaMM-Sim,3.69,96.77,95.0,25.0,120,"[0.308, 0.304, 0.311, 0.306, 0.313, 0.309, 0.311, 0.307, 0.307, 0.312, 0.304, 0.312]",Low,"{'latitude': 12.9716, 'longitude': 77.5946}","{'source': 'PyBaMM-MQTT', 'version': '1.0'}"
1755167099,EVSim001,PyBaMM-Sim,3.69,96.57,95.0,25.0,120,"[0.307, 0.308, 0.306, 0.31, 0.308, 0.306, 0.31, 0.311, 0.31, 0.304, 0.309, 0.312]",Low,"{'latitude': 12.9716, 'longitude': 77.5946}","{'source': 'PyBaMM-MQTT', 'version': '1.0'}"
1755167100,EVSim001,PyBaMM-Sim,3.69,96.36,95.0,25.0,120,"[0.31, 0.308, 0.311, 0.307, 0.303, 0.304, 0.306, 0.305, 0.307, 0.308, 0.303, 0.304]",Low,"{'latitude': 12.9716, 'longitude': 77.5946}","{'source': 'PyBaMM-MQTT', 'version': '1.0'}"
1755167101,EVSim001,PyBaMM-Sim,3.69,96.16,95.0,25.0,120,"[0.304, 0.311, 0.308, 0.302, 0.311, 0.307, 0.308, 0.305, 0.307, 0.31, 0.31, 0.311]",Low,"{'latitude': 12.9716, 'longitude': 77.5946}","{'source': 'PyBaMM-MQTT', 'version': '1.0'}"
1755167102,EVSim001,PyBaMM-Sim,3.68,95.96,95.0,25.0,120,"[0.303, 0.304, 0.306, 0.308, 0.311, 0.312, 0.304, 0.309, 0.303, 0.303, 0.303, 0.311]",Low,"{'latitude': 12.9716, 'longitude': 77.5946}","{'source': 'PyBaMM-MQTT', 'version': '1.0'}"
1755167103,EVSim001,PyBaMM-Sim,3.68,95.76,95.0,25.0,120,"[0.304, 0.303, 0.309, 0.309, 0.306, 0.305, 0.303, 0.303, 0.308, 0.304, 0.309, 0.311]",Low,"{'latitude': 12.9716, 'longitude': 77.5946}","{'source': 'PyBaMM-MQTT', 'version': '1.0'}"
1755167104,EVSim001,PyBaMM-Sim,3.68,95.56,95.0,25.0,120,"[0.304, 0.308, 0.309, 0.305, 0.308, 0.304, 0.31, 0.307, 0.304, 0.303, 0.303, 0.305]",Low,"{'latitude': 12.9716, 'longitude': 77.5946}","{'source': 'PyBaMM-MQTT', 'version': '1.0'}"
1755167105,EVSim001,PyBaMM-Sim,3.68,95.35,95.0,25.0,120,"[0.306, 0.302, 0.302, 0.303, 0.305, 0.308, 0.302, 0.305, 0.31, 0.305, 0.306, 0.307]",Low,"{'latitude': 12.9716, 'longitude': 77.5946}","{'source': 'PyBaMM-MQTT', 'version': '1.0'}"
1755167106,EVSim001,PyBaMM-Sim,3.67,95.15,95.0,25.0,120,"[0.309, 0.306, 0.303, 0.303, 0.302, 0.308, 0.31, 0.302, 0.302, 0.303, 0.301, 0.311]",Low,"{'latitude': 12.9716, 'longitude': 77.5946}","{'source': 'PyBaMM-MQTT', 'version': '1.0'}"
1755167107,EVSim001,PyBaMM-Sim,3.67,94.95,95.0,25.0,120,"[0.304, 0.303, 0.307, 0.309, 0.307, 0.301, 0.302, 0.303, 0.302, 0.305, 0.306, 0.311]",Low,"{'latitude': 12.9716, 'longitude': 77.5946}","{'source': 'PyBaMM-MQTT', 'version': '1.0'}"
1755167108,EVSim001,PyBaMM-Sim,3.67,94.75,95.0,25.0,120,"[0.301, 0.309, 0.306, 0.309, 0.311, 0.302, 0.304, 0.305, 0.309, 0.31, 0.306, 0.311]",Low,"{'latitude': 12.9716, 'longitude': 77.5946}","{'source': 'PyBaMM-MQTT', 'version': '1.0'}"
1755167109,EVSim001,PyBaMM-Sim,3.67,94.55,95.0,25.0,120,"[0.31, 0.305, 0.306, 0.308, 0.302, 0.303, 0.301, 0.306, 0.306, 0.304, 0.304, 0.307]",Low,"{'latitude': 12.9716, 'longitude': 77.5946}","{'source': 'PyBaMM-MQTT', 'version': '1.0'}"
1755167110,EVSim001,PyBaMM-Sim,3.66,94.34,95.0,25.0,120,"[0.308, 0.308, 0.303, 0.306, 0.303, 0.308, 0.303, 0.303, 0.302, 0.304, 0.306, 0.31]",Low,"{'latitude': 12.9716, 'longitude': 77.5946}","{'source': 'PyBaMM-MQTT', 'version': '1.0'}"
1755167111,EVSim001,PyBaMM-Sim,3.66,94.14,95.0,25.0,120,"[0.309, 0.301, 0.307, 0.303, 0.303, 0.301, 0.31, 0.305, 0.301, 0.304, 0.31, 0.302]",Low,"{'latitude': 12.9716, 'longitude': 77.5946}","{'source': 'PyBaMM-MQTT', 'version': '1.0'}"
1755167112,EVSim001,PyBaMM-Sim,3.66,93.94,95.0,25.0,120,"[0.309, 0.301, 0.309, 0.302, 0.306, 0.301, 0.31, 0.309, 0.306, 0.307, 0.307, 0.303]",Low,"{'latitude': 12.9716, 'longitude': 77.5946}","{'source': 'PyBaMM-MQTT', 'version': '1.0'}"
1755167113,EVSim001,PyBaMM-Sim,3.66,93.74,95.0,25.0,120,"[0.306, 0.3, 0.304, 0.3, 0.302, 0.303, 0.303, 0.307, 0.303, 0.305, 0.302, 0.3]",Low,"{'latitude': 12.9716, 'longitude': 77.5946}","{'source': 'PyBaMM-MQTT', 'version': '1.0'}"
1755167114,EVSim001,PyBaMM-Sim,3.65,93.54,95.0,25.0,120,"[0.308, 0.3, 0.304, 0.303, 0.3, 0.306, 0.309, 0.303, 0.307, 0.306, 0.309, 0.308]",Low,"{'latitude': 12.9716, 'longitude': 77.5946}","{'source': 'PyBaMM-MQTT', 'version': '1.0'}"
1755167115,EVSim001,PyBaMM-Sim,3.65,93.33,95.0,25.0,120,"[0.302, 0.3, 0.304, 0.303, 0.306, 0.305, 0.309, 0.303, 0.307, 0.308, 0.302, 0.309]",Low,"{'latitude': 12.9716, 'longitude': 77.5946}","{'source': 'PyBaMM-MQTT', 'version': '1.0'}"
1755167116,EVSim001,PyBaMM-Sim,3.65,93.13,95.0,25.0,120,"[0.302, 0.303, 0.301, 0.303, 0.302, 0.3, 0.304, 0.307, 0.309, 0.303, 0.304, 0.307]",Low,"{'latitude': 12.9716, 'longitude': 77.5946}","{'source': 'PyBaMM-MQTT', 'version': '1.0'}"
1755167117,EVSim001,PyBaMM-Sim,3.65,92.93,95.0,25.0,120,"[0.303, 0.303, 0.301, 0.309, 0.305, 0.304, 0.305, 0.3, 0.306, 0.309, 0.308, 0.309]",Low,"{'latitude': 12.9716, 'longitude': 77.5946}","{'source': 'PyBaMM-MQTT', 'version': '1.0'}"
1755167118,EVSim001,PyBaMM-Sim,3.65,92.73,95.0,25.0,120,"[0.308, 0.307, 0.305, 0.308, 0.307, 0.307, 0.307, 0.301, 0.301, 0.3, 0.3, 0.309]",Low,"{'latitude': 12.9716, 'longitude': 77.5946}","{'source': 'PyBaMM-MQTT', 'version': '1.0'}"
1755167119,EVSim001,PyBaMM-Sim,3.64,92.53,95.0,25.0,120,"[0.308, 0.301, 0.305, 0.299, 0.308, 0.308, 0.299, 0.307, 0.308, 0.299, 0.306, 0.308]",Low,"{'latitude': 12.9716, 'longitude': 77.5946}","{'source': 'PyBaMM-MQTT', 'version': '1.0'}"
1755167120,EVSim001,PyBaMM-Sim,3.64,92.32,95.0,25.0,120,"[0.306, 0.301, 0.302, 0.308, 0.303, 0.3, 0.301, 0.305, 0.305, 0.301, 0.3, 0.3]",Low,"{'latitude': 12.9716, 'longitude': 77.5946}","{'source': 'PyBaMM-MQTT', 'version': '1.0'}"
1755167121,EVSim001,PyBaMM-Sim,3.64,92.12,95.0,25.0,120,"[0.302, 0.299, 0.304, 0.305, 0.305, 0.303, 0.304, 0.304, 0.299, 0.304, 0.299, 0.308]",Low,"{'latitude': 12.9716, 'longitude': 77.5946}","{'source': 'PyBaMM-MQTT', 'version': '1.0'}"
1755167122,EVSim001,PyBaMM-Sim,3.64,91.92,95.0,25.0,120,"[0.299, 0.299, 0.306, 0.305, 0.307, 0.299, 0.304, 0.298, 0.299, 0.303, 0.308, 0.306]",Low,"{'latitude': 12.9716, 'longitude': 77.5946}","{'source': 'PyBaMM-MQTT', 'version': '1.0'}"
1755167123,EVSim001,PyBaMM-Sim,3.64,91.72,95.0,25.0,120,"[0.302, 0.305, 0.3, 0.299, 0.304, 0.303, 0.308, 0.304, 0.306, 0.299, 0.3, 0.304]",Low,"{'latitude': 12.9716, 'longitude': 77.5946}","{'source': 'PyBaMM-MQTT', 'version': '1.0'}"
1755167124,EVSim001,PyBaMM-Sim,3.63,91.52,95.0,25.0,120,"[0.3, 0.3, 0.301, 0.299, 0.301, 0.305, 0.299, 0.298, 0.303, 0.299, 0.304, 0.299]",Low,"{'latitude': 12.9716, 'longitude': 77.5946}","{'source': 'PyBaMM-MQTT', 'version': '1.0'}"
1755167125,EVSim001,PyBaMM-Sim,3.63,91.31,95.0,25.0,120,"[0.305, 0.306, 0.304, 0.307, 0.301, 0.298, 0.298, 0.301, 0.307, 0.307, 0.305, 0.3]",Low,"{'latitude': 12.9716, 'longitude': 77.5946}","{'source': 'PyBaMM-MQTT', 'version': '1.0'}"
1755167126,EVSim001,PyBaMM-Sim,3.63,91.11,95.0,25.0,120,"[0.307, 0.303, 0.303, 0.303, 0.3, 0.305, 0.298, 0.301, 0.302, 0.306, 0.301, 0.306]",Low,"{'latitude': 12.9716, 'longitude': 77.5946}","{'source': 'PyBaMM-MQTT', 'version': '1.0'}"
1755167127,EVSim001,PyBaMM-Sim,3.63,90.91,95.0,25.0,120,"[0.303, 0.298, 0.299, 0.3, 0.302, 0.303, 0.3, 0.303, 0.297, 0.306, 0.307, 0.303]",Low,"{'latitude': 12.9716, 'longitude': 77.5946}","{'source': 'PyBaMM-MQTT', 'version': '1.0'}"
1755167128,EVSim001,PyBaMM-Sim,3.62,90.71,95.0,25.0,120,"[0.3, 0.304, 0.299, 0.298, 0.304, 0.302, 0.307, 0.299, 0.307, 0.298, 0.298, 0.303]",Low,"{'latitude': 12.9716, 'longitude': 77.5946}","{'source': 'PyBaMM-MQTT', 'version': '1.0'}"
1755167129,EVSim001,PyBaMM-Sim,3.62,90.51,95.0,25.0,120,"[0.305, 0.301, 0.304, 0.306, 0.297, 0.306, 0.301, 0.302, 0.304, 0.306, 0.303, 0.303]",Low,"{'latitude': 12.9716, 'longitude': 77.5946}","{'source': 'PyBaMM-MQTT', 'version': '1.0'}"
1755167130,EVSim001,PyBaMM-Sim,3.62,90.3,95.0,25.0,120,"[0.303, 0.297, 0.304, 0.302, 0.305, 0.299, 0.298, 0.3, 0.302, 0.302, 0.301, 0.301]",Low,"{'latitude': 12.9716, 'longitude': 77.5946}","{'source': 'PyBaMM-MQTT', 'version': '1.0'}"
1755167131,EVSim001,PyBaMM-Sim,3.61,90.1,95.0,25.0,120,"[0.298, 0.304, 0.305, 0.302, 0.303, 0.299, 0.301, 0.305, 0.301, 0.305, 0.306, 0.305]",Low,"{'latitude': 12.9716, 'longitude': 77.5946}","{'source': 'PyBaMM-MQTT', 'version': '1.0'}"
1755167132,EVSim001,PyBaMM-Sim,3.61,89.9,95.0,25.0,120,"[0.297, 0.305, 0.3, 0.297, 0.301, 0.306, 0.303, 0.3, 0.303, 0.297, 0.304, 0.305]",Low,"{'latitude': 12.9716, 'longitude': 77.5946}","{'source': 'PyBaMM-MQTT', 'version': '1.0'}"
1755167133,EVSim001,PyBaMM-Sim,3.61,89.7,95.0,25.0,120,"[0.305, 0.297, 0.298, 0.296, 0.303, 0.303, 0.299, 0.299, 0.3, 0.305, 0.301, 0.297]",Low,"{'latitude': 12.9716, 'longitude': 77.5946}","{'source': 'PyBaMM-MQTT', 'version': '1.0'}"
1755167134,EVSim001,PyBaMM-Sim,3.61,89.49,95.0,25.0,120,"[0.298, 0.3, 0.297, 0.298, 0.306, 0.303, 0.298, 0.305, 0.298, 0.297, 0.305, 0.301]",Low,"{'latitude': 12.9716, 'longitude': 77.5946}","{'source': 'PyBaMM-MQTT', 'version': '1.0'}"
1755167135,EVSim001,PyBaMM-Sim,3.61,89.29,95.0,25.0,120,"[0.298, 0.305, 0.298, 0.302, 0.302, 0.302, 0.298, 0.3, 0.298, 0.301, 0.304, 0.3]",Low,"{'latitude': 12.9716, 'longitude': 77.5946}","{'source': 'PyBaMM-MQTT', 'version': '1.0'}"
1755167136,EVSim001,PyBaMM-Sim,3.61,89.09,95.0,25.0,120,"[0.299, 0.3, 0.304, 0.303, 0.298, 0.296, 0.302, 0.304, 0.302, 0.297, 0.301, 0.301]",Low,"{'latitude': 12.9716, 'longitude': 77.5946}","{'source': 'PyBaMM-MQTT', 'version': '1.0'}"
1755167137,EVSim001,PyBaMM-Sim,3.6,88.89,95.0,25.0,120,"[0.303, 0.296, 0.303, 0.298, 0.299, 0.304, 0.298, 0.301, 0.305, 0.3, 0.305, 0.298]",Low,"{'latitude': 12.9716, 'longitude': 77.5946}","{'source': 'PyBaMM-MQTT', 'version': '1.0'}"
1755167138,EVSim001,PyBaMM-Sim,3.6,88.69,95.0,25.0,120,"[0.297, 0.297, 0.296, 0.304, 0.3, 0.302, 0.305, 0.302, 0.301, 0.305, 0.301, 0.297]",Low,"{'latitude': 12.9716, 'longitude': 77.5946}","{'source': 'PyBaMM-MQTT', 'version': '1.0'}"
1755167139,EVSim001,PyBaMM-Sim,3.6,88.48,95.0,25.0,120,"[0.297, 0.297, 0.297, 0.302, 0.3, 0.303, 0.299, 0.303, 0.298, 0.301, 0.305, 0.299]",Low,"{'latitude': 12.9716, 'longitude': 77.5946}","{'source': 'PyBaMM-MQTT', 'version': '1.0'}"
1755167140,EVSim001,PyBaMM-Sim,3.6,88.28,95.0,25.0,120,"[0.302, 0.299, 0.299, 0.302, 0.295, 0.304, 0.302, 0.298, 0.299, 0.296, 0.299, 0.297]",Low,"{'latitude': 12.9716, 'longitude': 77.5946}","{'source': 'PyBaMM-MQTT', 'version': '1.0'}"
1755167141,EVSim001,PyBaMM-Sim,3.6,88.08,95.0,25.0,120,"[0.298, 0.304, 0.304, 0.302, 0.296, 0.296, 0.302, 0.296, 0.298, 0.3, 0.298, 0.297]",Low,"{'latitude': 12.9716, 'longitude': 77.5946}","{'source': 'PyBaMM-MQTT', 'version': '1.0'}"
1755167142,EVSim001,PyBaMM-Sim,3.6,87.88,95.0,25.0,120,"[0.299, 0.295, 0.296, 0.296, 0.299, 0.301, 0.301, 0.298, 0.302, 0.3, 0.303, 0.295]",Low,"{'latitude': 12.9716, 'longitude': 77.5946}","{'source': 'PyBaMM-MQTT', 'version': '1.0'}"
1755167143,EVSim001,PyBaMM-Sim,3.6,87.68,95.0,25.0,120,"[0.301, 0.302, 0.304, 0.297, 0.3, 0.297, 0.297, 0.298, 0.296, 0.297, 0.305, 0.304]",Low,"{'latitude': 12.9716, 'longitude': 77.5946}","{'source': 'PyBaMM-MQTT', 'version': '1.0'}"
1755167144,EVSim001,PyBaMM-Sim,3.6,87.47,95.0,25.0,120,"[0.298, 0.304, 0.302, 0.305, 0.301, 0.295, 0.297, 0.295, 0.301, 0.299, 0.299, 0.298]",Low,"{'latitude': 12.9716, 'longitude': 77.5946}","{'source': 'PyBaMM-MQTT', 'version': '1.0'}"
1755167145,EVSim001,PyBaMM-Sim,3.6,87.27,95.0,25.0,120,"[0.302, 0.3, 0.302, 0.302, 0.298, 0.298, 0.303, 0.296, 0.301, 0.299, 0.296, 0.303]",Low,"{'latitude': 12.9716, 'longitude': 77.5946}","{'source': 'PyBaMM-MQTT', 'version': '1.0'}"
1755167146,EVSim001,PyBaMM-Sim,3.6,87.07,95.0,25.0,120,"[0.304, 0.303, 0.303, 0.297, 0.296, 0.297, 0.303, 0.299, 0.299, 0.298, 0.296, 0.3]",Low,"{'latitude': 12.9716, 'longitude': 77.5946}","{'source': 'PyBaMM-MQTT', 'version': '1.0'}"
1755167147,EVSim001,PyBaMM-Sim,3.59,86.87,95.0,25.0,120,"[0.301, 0.304, 0.299, 0.299, 0.302, 0.302, 0.298, 0.295, 0.299, 0.297, 0.303, 0.303]",Low,"{'latitude': 12.9716, 'longitude': 77.5946}","{'source': 'PyBaMM-MQTT', 'version': '1.0'}"
1755167148,EVSim001,PyBaMM-Sim,3.59,86.67,95.0,25.0,120,"[0.304, 0.301, 0.3, 0.301, 0.3, 0.304, 0.298, 0.299, 0.302, 0.303, 0.301, 0.297]",Low,"{'latitude': 12.9716, 'longitude': 77.5946}","{'source': 'PyBaMM-MQTT', 'version': '1.0'}"
1755167149,EVSim001,PyBaMM-Sim,3.59,86.46,95.0,25.0,120,"[0.3, 0.296, 0.298, 0.299, 0.297, 0.301, 0.299, 0.295, 0.304, 0.295, 0.296, 0.296]",Low,"{'latitude': 12.9716, 'longitude': 77.5946}","{'source': 'PyBaMM-MQTT', 'version': '1.0'}"
1755167150,EVSim001,PyBaMM-Sim,3.59,86.26,95.0,25.0,120,"[0.297, 0.304, 0.299, 0.296, 0.301, 0.297, 0.3, 0.3, 0.295, 0.297, 0.295, 0.297]",Low,"{'latitude': 12.9716, 'longitude': 77.5946}","{'source': 'PyBaMM-MQTT', 'version': '1.0'}"
1755167151,EVSim001,PyBaMM-Sim,3.59,86.06,95.0,25.0,120,"[0.297, 0.295, 0.3, 0.299, 0.298, 0.301, 0.3, 0.3, 0.297, 0.302, 0.301, 0.303]",Low,"{'latitude': 12.9716, 'longitude': 77.5946}","{'source': 'PyBaMM-MQTT', 'version': '1.0'}"
1755167152,EVSim001,PyBaMM-Sim,3.59,85.86,95.0,25.0,120,"[0.302, 0.299, 0.295, 0.295, 0.297, 0.301, 0.295, 0.301, 0.297, 0.295, 0.297, 0.298]",Low,"{'latitude': 12.9716, 'longitude': 77.5946}","{'source': 'PyBaMM-MQTT', 'version': '1.0'}"
1755167153,EVSim001,PyBaMM-Sim,3.59,85.66,95.0,25.0,120,"[0.303, 0.3, 0.301, 0.301, 0.301, 0.294, 0.3, 0.303, 0.296, 0.302, 0.302, 0.297]",Low,"{'latitude': 12.9716, 'longitude': 77.5946}","{'source': 'PyBaMM-MQTT', 'version': '1.0'}"
1755167154,EVSim001,PyBaMM-Sim,3.59,85.45,95.0,25.0,120,"[0.295, 0.302, 0.3, 0.299, 0.296, 0.296, 0.297, 0.294, 0.297, 0.296, 0.301, 0.299]",Low,"{'latitude': 12.9716, 'longitude': 77.5946}","{'source': 'PyBaMM-MQTT', 'version': '1.0'}"
1755167155,EVSim001,PyBaMM-Sim,3.59,85.25,95.0,25.0,120,"[0.298, 0.299, 0.302, 0.302, 0.297, 0.296, 0.303, 0.302, 0.296, 0.302, 0.3, 0.298]",Low,"{'latitude': 12.9716, 'longitude': 77.5946}","{'source': 'PyBaMM-MQTT', 'version': '1.0'}"
1755167156,EVSim001,PyBaMM-Sim,3.58,85.05,95.0,25.0,120,"[0.301, 0.296, 0.296, 0.302, 0.296, 0.299, 0.302, 0.299, 0.302, 0.298, 0.295, 0.296]",Low,"{'latitude': 12.9716, 'longitude': 77.5946}","{'source': 'PyBaMM-MQTT', 'version': '1.0'}"
1755167157,EVSim001,PyBaMM-Sim,3.58,84.85,95.0,25.0,120,"[0.303, 0.302, 0.295, 0.302, 0.301, 0.297, 0.297, 0.295, 0.303, 0.296, 0.3, 0.3]",Low,"{'latitude': 12.9716, 'longitude': 77.5946}","{'source': 'PyBaMM-MQTT', 'version': '1.0'}"
1755167158,EVSim001,PyBaMM-Sim,3.58,84.65,95.0,25.0,120,"[0.296, 0.295, 0.296, 0.301, 0.295, 0.299, 0.299, 0.297, 0.297, 0.303, 0.294, 0.303]",Low,"{'latitude': 12.9716, 'longitude': 77.5946}","{'source': 'PyBaMM-MQTT', 'version': '1.0'}"
1755167159,EVSim001,PyBaMM-Sim,3.58,84.44,95.0,25.0,120,"[0.299, 0.294, 0.294, 0.297, 0.301, 0.298, 0.297, 0.303, 0.302, 0.295, 0.302, 0.295]",Low,"{'latitude': 12.9716, 'longitude': 77.5946}","{'source': 'PyBaMM-MQTT', 'version': '1.0'}"
1755167160,EVSim001,PyBaMM-Sim,3.58,84.24,95.0,25.0,120,"[0.296, 0.294, 0.296, 0.295, 0.297, 0.298, 0.295, 0.295, 0.302, 0.298, 0.298, 0.299]",Low,"{'latitude': 12.9716, 'longitude': 77.5946}","{'source': 'PyBaMM-MQTT', 'version': '1.0'}"
1755167161,EVSim001,PyBaMM-Sim,3.58,84.04,95.0,25.0,120,"[0.295, 0.298, 0.302, 0.303, 0.296, 0.293, 0.302, 0.293, 0.298, 0.293, 0.294, 0.301]",Low,"{'latitude': 12.9716, 'longitude': 77.5946}","{'source': 'PyBaMM-MQTT', 'version': '1.0'}"
1755167162,EVSim001,PyBaMM-Sim,3.58,83.84,95.0,25.0,120,"[0.303, 0.296, 0.296, 0.295, 0.302, 0.301, 0.303, 0.298, 0.298, 0.295, 0.303, 0.296]",Low,"{'latitude': 12.9716, 'longitude': 77.5946}","{'source': 'PyBaMM-MQTT', 'version': '1.0'}"
1755167163,EVSim001,PyBaMM-Sim,3.57,83.64,95.0,25.0,120,"[0.295, 0.301, 0.297, 0.297, 0.293, 0.297, 0.3, 0.297, 0.301, 0.3, 0.296, 0.301]",Low,"{'latitude': 12.9716, 'longitude': 77.5946}","{'source': 'PyBaMM-MQTT', 'version': '1.0'}"
1755167164,EVSim001,PyBaMM-Sim,3.57,83.43,95.0,25.0,120,"[0.295, 0.299, 0.298, 0.294, 0.3, 0.293, 0.297, 0.297, 0.296, 0.294, 0.296, 0.294]",Low,"{'latitude': 12.9716, 'longitude': 77.5946}","{'source': 'PyBaMM-MQTT', 'version': '1.0'}"
1755167165,EVSim001,PyBaMM-Sim,3.57,83.23,95.0,25.0,120,"[0.295, 0.296, 0.293, 0.299, 0.301, 0.302, 0.302, 0.297, 0.3, 0.302, 0.298, 0.294]",Low,"{'latitude': 12.9716, 'longitude': 77.5946}","{'source': 'PyBaMM-MQTT', 'version': '1.0'}"
1755167166,EVSim001,PyBaMM-Sim,3.57,83.03,95.0,25.0,120,"[0.299, 0.294, 0.3, 0.297, 0.297, 0.292, 0.294, 0.293, 0.3, 0.296, 0.299, 0.294]",Low,"{'latitude': 12.9716, 'longitude': 77.5946}","{'source': 'PyBaMM-MQTT', 'version': '1.0'}"
1755167167,EVSim001,PyBaMM-Sim,3.56,82.83,95.0,25.0,120,"[0.296, 0.298, 0.301, 0.3, 0.298, 0.297, 0.293, 0.294, 0.299, 0.296, 0.295, 0.294]",Low,"{'latitude': 12.9716, 'longitude': 77.5946}","{'source': 'PyBaMM-MQTT', 'version': '1.0'}"
1755167168,EVSim001,PyBaMM-Sim,3.56,82.63,95.0,25.0,120,"[0.296, 0.298, 0.295, 0.3, 0.3, 0.293, 0.297, 0.296, 0.3, 0.299, 0.298, 0.293]",Low,"{'latitude': 12.9716, 'longitude': 77.5946}","{'source': 'PyBaMM-MQTT', 'version': '1.0'}"
1755167169,EVSim001,PyBaMM-Sim,3.56,82.42,95.0,25.0,120,"[0.294, 0.293, 0.298, 0.292, 0.3, 0.298, 0.296, 0.298, 0.295, 0.296, 0.298, 0.298]",Low,"{'latitude': 12.9716, 'longitude': 77.5946}","{'source': 'PyBaMM-MQTT', 'version': '1.0'}"
1755167170,EVSim001,PyBaMM-Sim,3.55,82.22,95.0,25.0,120,"[0.298, 0.298, 0.291, 0.293, 0.297, 0.292, 0.295, 0.294, 0.296, 0.292, 0.294, 0.292]",Low,"{'latitude': 12.9716, 'longitude': 77.5946}","{'source': 'PyBaMM-MQTT', 'version': '1.0'}"
1755167171,EVSim001,PyBaMM-Sim,3.54,82.02,95.0,25.0,120,"[0.299, 0.294, 0.291, 0.3, 0.296, 0.297, 0.294, 0.299, 0.292, 0.292, 0.3, 0.298]",Low,"{'latitude': 12.9716, 'longitude': 77.5946}","{'source': 'PyBaMM-MQTT', 'version': '1.0'}"
1755167172,EVSim001,PyBaMM-Sim,3.54,81.82,95.0,25.0,120,"[0.293, 0.293, 0.299, 0.293, 0.297, 0.293, 0.293, 0.297, 0.295, 0.29, 0.299, 0.292]",Low,"{'latitude': 12.9716, 'longitude': 77.5946}","{'source': 'PyBaMM-MQTT', 'version': '1.0'}"
1755167173,EVSim001,PyBaMM-Sim,3.53,81.62,95.0,25.0,120,"[0.292, 0.299, 0.297, 0.291, 0.29, 0.292, 0.293, 0.299, 0.293, 0.29, 0.29, 0.299]",Low,"{'latitude': 12.9716, 'longitude': 77.5946}","{'source': 'PyBaMM-MQTT', 'version': '1.0'}"
1755167174,EVSim001,PyBaMM-Sim,3.52,81.41,95.0,25.0,120,"[0.291, 0.29, 0.298, 0.298, 0.295, 0.297, 0.296, 0.291, 0.288, 0.296, 0.295, 0.289]",Low,"{'latitude': 12.9716, 'longitude': 77.5946}","{'source': 'PyBaMM-MQTT', 'version': '1.0'}"
1755167175,EVSim001,PyBaMM-Sim,3.5,81.21,95.0,25.0,120,"[0.291, 0.294, 0.29, 0.292, 0.294, 0.295, 0.295, 0.288, 0.291, 0.294, 0.294, 0.289]",Low,"{'latitude': 12.9716, 'longitude': 77.5946}","{'source': 'PyBaMM-MQTT', 'version': '1.0'}"
1755167176,EVSim001,PyBaMM-Sim,3.48,81.01,95.0,25.0,120,"[0.288, 0.287, 0.287, 0.291, 0.294, 0.29, 0.292, 0.295, 0.293, 0.286, 0.286, 0.287]",Low,"{'latitude': 12.9716, 'longitude': 77.5946}","{'source': 'PyBaMM-MQTT', 'version': '1.0'}"
1755167177,EVSim001,PyBaMM-Sim,3.45,80.81,95.0,25.0,120,"[0.286, 0.285, 0.291, 0.293, 0.288, 0.285, 0.289, 0.292, 0.285, 0.285, 0.29, 0.29]",Low,"{'latitude': 12.9716, 'longitude': 77.5946}","{'source': 'PyBaMM-MQTT', 'version': '1.0'}"
1755167178,EVSim001,PyBaMM-Sim,3.41,80.61,95.0,25.0,120,"[0.284, 0.288, 0.28, 0.286, 0.286, 0.288, 0.286, 0.287, 0.287, 0.281, 0.284, 0.285]",Low,"{'latitude': 12.9716, 'longitude': 77.5946}","{'source': 'PyBaMM-MQTT', 'version': '1.0'}"
1755167179,EVSim001,PyBaMM-Sim,3.36,80.4,95.0,25.0,120,"[0.284, 0.281, 0.282, 0.283, 0.281, 0.28, 0.282, 0.278, 0.284, 0.281, 0.281, 0.28]",Low,"{'latitude': 12.9716, 'longitude': 77.5946}","{'source': 'PyBaMM-MQTT', 'version': '1.0'}"
1755167180,EVSim001,PyBaMM-Sim,3.28,80.2,95.0,25.0,120,"[0.275, 0.27, 0.278, 0.277, 0.272, 0.274, 0.272, 0.274, 0.271, 0.272, 0.272, 0.273]",Low,"{'latitude': 12.9716, 'longitude': 77.5946}","{'source': 'PyBaMM-MQTT', 'version': '1.0'}"
1755167181,EVSim001,PyBaMM-Sim,3.17,80.0,95.0,25.0,120,"[0.266, 0.267, 0.269, 0.264, 0.268, 0.268, 0.263, 0.267, 0.262, 0.268, 0.266, 0.266]",Low,"{'latitude': 12.9716, 'longitude': 77.5946}","{'source': 'PyBaMM-MQTT', 'version': '1.0'}"
